Thiago;91111-1111;thiago@gmail.com.br;Rua 1
Isaac;92222-2222;isaac@gmail.com.br;Rua 2
Luis;93333-3333;luis@gmail.com.br;Rua 3
Andre;94444-4444;andre@gmail.com.br;Rua 4
Iana;91111-1111;iana@gmail.com.br;Rua 7
Thalia;92222-2222;thalia@gmail.com.br;Rua 8
Mathayus;1234-5678;matheus@gmail.com;Rua 10
